{
  "mainAssemblyName": "Client",
  "resources": {
    "hash": "sha256-U1tgGJZ8HhF21jNuWCa0RMtnL9SORLjkGN9lANW1emI=",
    "fingerprinting": {
      "Client.rv2tous907.wasm": "Client.wasm",
      "ImageGc.Shared.512iyj16s7.wasm": "ImageGc.Shared.wasm",
      "Microsoft.AspNetCore.Authorization.miumi3x3d4.wasm": "Microsoft.AspNetCore.Authorization.wasm",
      "Microsoft.AspNetCore.Components.Authorization.8opvz6k3s7.wasm": "Microsoft.AspNetCore.Components.Authorization.wasm",
      "Microsoft.AspNetCore.Components.Forms.kgikxqovw4.wasm": "Microsoft.AspNetCore.Components.Forms.wasm",
      "Microsoft.AspNetCore.Components.3fonoo4c74.wasm": "Microsoft.AspNetCore.Components.wasm",
      "Microsoft.AspNetCore.Components.Web.1twk2hpocs.wasm": "Microsoft.AspNetCore.Components.Web.wasm",
      "Microsoft.AspNetCore.Components.WebAssembly.Authentication.efpsmys8j6.wasm": "Microsoft.AspNetCore.Components.WebAssembly.Authentication.wasm",
      "Microsoft.AspNetCore.Components.WebAssembly.1kq1g2juq9.wasm": "Microsoft.AspNetCore.Components.WebAssembly.wasm",
      "Microsoft.AspNetCore.Metadata.e1jn08kh8a.wasm": "Microsoft.AspNetCore.Metadata.wasm",
      "Microsoft.Authentication.WebAssembly.Msal.28fqr5mlhz.wasm": "Microsoft.Authentication.WebAssembly.Msal.wasm",
      "Microsoft.CSharp.pzs8tejc8h.wasm": "Microsoft.CSharp.wasm",
      "Microsoft.Extensions.Configuration.Abstractions.dmlidnyw2e.wasm": "Microsoft.Extensions.Configuration.Abstractions.wasm",
      "Microsoft.Extensions.Configuration.Binder.shtvzvuui2.wasm": "Microsoft.Extensions.Configuration.Binder.wasm",
      "Microsoft.Extensions.Configuration.Json.n3x20s9cxz.wasm": "Microsoft.Extensions.Configuration.Json.wasm",
      "Microsoft.Extensions.Configuration.dwrnjjov01.wasm": "Microsoft.Extensions.Configuration.wasm",
      "Microsoft.Extensions.DependencyInjection.Abstractions.hocpmjwr7b.wasm": "Microsoft.Extensions.DependencyInjection.Abstractions.wasm",
      "Microsoft.Extensions.DependencyInjection.vdgbrs4or0.wasm": "Microsoft.Extensions.DependencyInjection.wasm",
      "Microsoft.Extensions.Diagnostics.Abstractions.wgdksdmr5l.wasm": "Microsoft.Extensions.Diagnostics.Abstractions.wasm",
      "Microsoft.Extensions.Diagnostics.pjsnokvv8y.wasm": "Microsoft.Extensions.Diagnostics.wasm",
      "Microsoft.Extensions.Http.t5jvs4139n.wasm": "Microsoft.Extensions.Http.wasm",
      "Microsoft.Extensions.Logging.Abstractions.4jy907b1a7.wasm": "Microsoft.Extensions.Logging.Abstractions.wasm",
      "Microsoft.Extensions.Logging.d86yjq6itg.wasm": "Microsoft.Extensions.Logging.wasm",
      "Microsoft.Extensions.Options.cye6fgpn51.wasm": "Microsoft.Extensions.Options.wasm",
      "Microsoft.Extensions.Primitives.wdgxpgsqcr.wasm": "Microsoft.Extensions.Primitives.wasm",
      "Microsoft.IdentityModel.Logging.5ek5vxwgfi.wasm": "Microsoft.IdentityModel.Logging.wasm",
      "Microsoft.JSInterop.5ic5dzbwak.wasm": "Microsoft.JSInterop.wasm",
      "Microsoft.JSInterop.WebAssembly.s0bw0921jm.wasm": "Microsoft.JSInterop.WebAssembly.wasm",
      "Radzen.Blazor.wu2t58cds4.wasm": "Radzen.Blazor.wasm",
      "System.Collections.Concurrent.ig1so3kmyf.wasm": "System.Collections.Concurrent.wasm",
      "System.Collections.Immutable.kd6cgaw02u.wasm": "System.Collections.Immutable.wasm",
      "System.Collections.NonGeneric.dlmgiwz9tm.wasm": "System.Collections.NonGeneric.wasm",
      "System.Collections.Specialized.n87gikxhj5.wasm": "System.Collections.Specialized.wasm",
      "System.Collections.qjaclc9jb4.wasm": "System.Collections.wasm",
      "System.ComponentModel.Annotations.7fmlxxhc52.wasm": "System.ComponentModel.Annotations.wasm",
      "System.ComponentModel.Primitives.c1hkaswyt2.wasm": "System.ComponentModel.Primitives.wasm",
      "System.ComponentModel.TypeConverter.bp0jcz45bj.wasm": "System.ComponentModel.TypeConverter.wasm",
      "System.ComponentModel.m263etp3iy.wasm": "System.ComponentModel.wasm",
      "System.Console.76t4tn6snp.wasm": "System.Console.wasm",
      "System.Core.5becv67885.wasm": "System.Core.wasm",
      "System.Diagnostics.DiagnosticSource.w54fcb6bbg.wasm": "System.Diagnostics.DiagnosticSource.wasm",
      "System.Diagnostics.TraceSource.1vw0ssniho.wasm": "System.Diagnostics.TraceSource.wasm",
      "System.IO.MemoryMappedFiles.4knbnh1c48.wasm": "System.IO.MemoryMappedFiles.wasm",
      "System.IO.Pipelines.gc495wesr0.wasm": "System.IO.Pipelines.wasm",
      "System.Linq.Dynamic.Core.v56k5wbbs8.wasm": "System.Linq.Dynamic.Core.wasm",
      "System.Linq.Expressions.qbi9oyo54q.wasm": "System.Linq.Expressions.wasm",
      "System.Linq.Queryable.8b0my0wlrk.wasm": "System.Linq.Queryable.wasm",
      "System.Linq.if3m9uz2qs.wasm": "System.Linq.wasm",
      "System.Memory.yqhy9cm4ez.wasm": "System.Memory.wasm",
      "System.Net.Http.Json.cdi965o2io.wasm": "System.Net.Http.Json.wasm",
      "System.Net.Http.s9zl7j5ldf.wasm": "System.Net.Http.wasm",
      "System.Net.Primitives.el7k0yi1gl.wasm": "System.Net.Primitives.wasm",
      "System.ObjectModel.jwpgi79wl4.wasm": "System.ObjectModel.wasm",
      "System.Private.CoreLib.nstz8xwjaj.wasm": "System.Private.CoreLib.wasm",
      "System.Private.Uri.m8w45fp1hk.wasm": "System.Private.Uri.wasm",
      "System.Private.Xml.Linq.ovkd8l387e.wasm": "System.Private.Xml.Linq.wasm",
      "System.Private.Xml.0p2ygyf1a1.wasm": "System.Private.Xml.wasm",
      "System.Reflection.Emit.ILGeneration.672ta06jod.wasm": "System.Reflection.Emit.ILGeneration.wasm",
      "System.Reflection.Emit.c9tn5jfoyg.wasm": "System.Reflection.Emit.wasm",
      "System.Reflection.Metadata.lubxliql75.wasm": "System.Reflection.Metadata.wasm",
      "System.Reflection.Primitives.38o8i1plka.wasm": "System.Reflection.Primitives.wasm",
      "System.Runtime.InteropServices.JavaScript.0tgicm7vjk.wasm": "System.Runtime.InteropServices.JavaScript.wasm",
      "System.Runtime.67p9ds5ojk.wasm": "System.Runtime.wasm",
      "System.Security.Claims.mhovmcsrql.wasm": "System.Security.Claims.wasm",
      "System.Text.Encodings.Web.86025yzcvr.wasm": "System.Text.Encodings.Web.wasm",
      "System.Text.Json.hk2lvhchix.wasm": "System.Text.Json.wasm",
      "System.Text.RegularExpressions.64l3m5xhtw.wasm": "System.Text.RegularExpressions.wasm",
      "System.Threading.8g56742lyn.wasm": "System.Threading.wasm",
      "System.icunsnzrqy.wasm": "System.wasm",
      "System.Web.HttpUtility.3v5gnv41mf.wasm": "System.Web.HttpUtility.wasm",
      "System.Xml.Linq.yiwjknpdq4.wasm": "System.Xml.Linq.wasm",
      "System.Xml.XDocument.sh85j4oe8l.wasm": "System.Xml.XDocument.wasm",
      "dotnet.native.ccj02llm4e.js": "dotnet.native.js",
      "dotnet.native.hrwynk9fl1.wasm": "dotnet.native.wasm",
      "dotnet.js": "dotnet.js",
      "dotnet.runtime.qrl1fuqt3c.js": "dotnet.runtime.js",
      "icudt_CJK.tjcz0u77k5.dat": "icudt_CJK.dat",
      "icudt_EFIGS.tptq2av103.dat": "icudt_EFIGS.dat",
      "icudt_no_CJK.lfu7j35m59.dat": "icudt_no_CJK.dat"
    },
    "jsModuleNative": {
      "dotnet.native.ccj02llm4e.js": "sha256-7OekKzbxIhIFHSkCtDfavjx9qUo3+Q5hpAW35OCogQs="
    },
    "jsModuleRuntime": {
      "dotnet.runtime.qrl1fuqt3c.js": "sha256-ilTXrnUF4HKbIAFVIYlRmX3ryKNZpGUObkWMF0n2Kcg="
    },
    "wasmNative": {
      "dotnet.native.hrwynk9fl1.wasm": "sha256-o44eUk/XLOP6mHgCIsVT+/tnupvxy2B8oMY6ZMZ2oWU="
    },
    "icu": {
      "icudt_CJK.tjcz0u77k5.dat": "sha256-SZLtQnRc0JkwqHab0VUVP7T3uBPSeYzxzDnpxPpUnHk=",
      "icudt_EFIGS.tptq2av103.dat": "sha256-8fItetYY8kQ0ww6oxwTLiT3oXlBwHKumbeP2pRF4yTc=",
      "icudt_no_CJK.lfu7j35m59.dat": "sha256-L7sV7NEYP37/Qr2FPCePo5cJqRgTXRwGHuwF5Q+0Nfs="
    },
    "coreAssembly": {
      "System.Private.CoreLib.nstz8xwjaj.wasm": "sha256-l238aPrwAb0gB3WHBMGZyksGb9Tnhpm+An1OXfH117U=",
      "System.Runtime.InteropServices.JavaScript.0tgicm7vjk.wasm": "sha256-bAbPaONHne7R1hItHoY8/SYWlDb84JZQ1cxd1Y+tJn0="
    },
    "assembly": {
      "Client.rv2tous907.wasm": "sha256-KfwCRBgRJ1nMQFBfXHztjkPhsEoYo0INNUI7KaRJXbU=",
      "ImageGc.Shared.512iyj16s7.wasm": "sha256-NwcFmOwuXwv6Erv/Vnxj+kfvHEtnZNaxdC60jwjDgbg=",
      "Microsoft.AspNetCore.Authorization.miumi3x3d4.wasm": "sha256-/lGmebPvAOERloWb4kB6LJdjVdLjF71fUwNgu0VAi2I=",
      "Microsoft.AspNetCore.Components.Authorization.8opvz6k3s7.wasm": "sha256-uG4XWSSP9kIg8r3RPNVemhR1aJCGsdo/aEXyUKLcPa4=",
      "Microsoft.AspNetCore.Components.Forms.kgikxqovw4.wasm": "sha256-dEOU93t+iN5BJuV4yIlcviNKfW2g6aOag0LRHlgSG3I=",
      "Microsoft.AspNetCore.Components.3fonoo4c74.wasm": "sha256-X5PF0RFbaJMuSMKPqlNNNruLEcPQQOoSdTN51QDN58k=",
      "Microsoft.AspNetCore.Components.Web.1twk2hpocs.wasm": "sha256-62b+HPOvp8OS/O1IMRad/fUAkc8cPxMXFstE8OLdLdE=",
      "Microsoft.AspNetCore.Components.WebAssembly.Authentication.efpsmys8j6.wasm": "sha256-RjL7HAGcFBGNHQjV37+8msDw6uH5NhjMH6vxhaMloUw=",
      "Microsoft.AspNetCore.Components.WebAssembly.1kq1g2juq9.wasm": "sha256-sUSo3TFYI7Z1gYIPimVmPpIP4Kh2R/IOOTFJcFx60VA=",
      "Microsoft.AspNetCore.Metadata.e1jn08kh8a.wasm": "sha256-3p8K7zmlpyHqSaUXttMVm4Om6wGWieqMrQD2zog+ddU=",
      "Microsoft.Authentication.WebAssembly.Msal.28fqr5mlhz.wasm": "sha256-bmEwEbwXy+izI05s7uIqedMJuidN02zWKioSsYJPIyo=",
      "Microsoft.CSharp.pzs8tejc8h.wasm": "sha256-O1ZYBwRx99/TBfjiwaBNUz6XmaY+CCfjjROu9rkLOc0=",
      "Microsoft.Extensions.Configuration.Abstractions.dmlidnyw2e.wasm": "sha256-C7lehmIQ0frvbEioEpq+q82yktWaNBkX3aEThBxtSVM=",
      "Microsoft.Extensions.Configuration.Binder.shtvzvuui2.wasm": "sha256-EObauW2UlyZtJW1pdwW1yIgvw5X59uIDIJeklp9IKTM=",
      "Microsoft.Extensions.Configuration.Json.n3x20s9cxz.wasm": "sha256-7Wv00KMrZAHb5sX5acrBZ6dNoPfDuaNWlT69VNMGt1g=",
      "Microsoft.Extensions.Configuration.dwrnjjov01.wasm": "sha256-A7TWrVcPF5z6+77e1AABovXnUVZ2NNAeGd8fD++uO4s=",
      "Microsoft.Extensions.DependencyInjection.Abstractions.hocpmjwr7b.wasm": "sha256-jzEqweNytyupNm09jTwNhdKJ7fuq+jcgx8JDHMyCvLc=",
      "Microsoft.Extensions.DependencyInjection.vdgbrs4or0.wasm": "sha256-Ta3surCTEATmQUY4SQ/wpAIdyxK5fNnI4bm05ePwAsw=",
      "Microsoft.Extensions.Diagnostics.Abstractions.wgdksdmr5l.wasm": "sha256-0G7UPhjNT+Pqrtb2Le4vmjNQwiVrEcIDivgfPkiWf00=",
      "Microsoft.Extensions.Diagnostics.pjsnokvv8y.wasm": "sha256-RYjZbuJDGJ4agX2li0kqHqj6pHWdd00lpcBXbnwMxec=",
      "Microsoft.Extensions.Http.t5jvs4139n.wasm": "sha256-wW4tvQhrQq8tRhocth5by38zp39yOuGwQMk1kzxgas0=",
      "Microsoft.Extensions.Logging.Abstractions.4jy907b1a7.wasm": "sha256-8HzUlNjiWrjqs/r9rVNSagdJJKjl7Mczohn3Fd7v4Ss=",
      "Microsoft.Extensions.Logging.d86yjq6itg.wasm": "sha256-Dc+LudhbnVgAVvdOC7TmTZ5D7xmMOO492sNAPYYzckA=",
      "Microsoft.Extensions.Options.cye6fgpn51.wasm": "sha256-zG93jidCj4vBcVrLdr3CRtyNM05ws3tdBGjyDTdb9jQ=",
      "Microsoft.Extensions.Primitives.wdgxpgsqcr.wasm": "sha256-zPXs1ZxaGv/gjScqkSbos0m3HyxJufpF3haxdyuT0QA=",
      "Microsoft.IdentityModel.Logging.5ek5vxwgfi.wasm": "sha256-fZn6QfCa2bpk2qkV6bTGLmuezDZXxm36XdLDyQE03DY=",
      "Microsoft.JSInterop.5ic5dzbwak.wasm": "sha256-c+jC+Br80orY0mfplnE4nn4XACyZ/VIAKw8P1GeggyE=",
      "Microsoft.JSInterop.WebAssembly.s0bw0921jm.wasm": "sha256-NNwR0xu2wKvvEIZnSUwKht+/0RJ9ziHW01M66VViIkI=",
      "Radzen.Blazor.wu2t58cds4.wasm": "sha256-uPgzpIPpW1tjYKkpEWfYIXUdiBLLHrh2XABp7it30jY=",
      "System.Collections.Concurrent.ig1so3kmyf.wasm": "sha256-nkXgscuSYuPNm1/B6j7moduy9IaDe18ANywmCsie56g=",
      "System.Collections.Immutable.kd6cgaw02u.wasm": "sha256-SCP5PI0lC2ljr2k1m16bdN39ISSkvoOIngpOXsZRa84=",
      "System.Collections.NonGeneric.dlmgiwz9tm.wasm": "sha256-n+dtV10iUPGvSw4N5z3MubTfOcHhmyJvzuRhFoLHhqk=",
      "System.Collections.Specialized.n87gikxhj5.wasm": "sha256-WQWoPhb2qTDeGm1FJZ0vxFUGqxCvTd7bNyNwwibqyeM=",
      "System.Collections.qjaclc9jb4.wasm": "sha256-mgqcxRSnvLTrPillnyWzWNg0WJNpBZYr8x2typ51Jww=",
      "System.ComponentModel.Annotations.7fmlxxhc52.wasm": "sha256-w1nU+pSaDW5aHbnS8MA8yhkdElkPoYQ1ZodNx4SimCo=",
      "System.ComponentModel.Primitives.c1hkaswyt2.wasm": "sha256-QE1UGlWOw40I4tuiX6TUbSpkT/Y3YFRZSSTeKRkEJqU=",
      "System.ComponentModel.TypeConverter.bp0jcz45bj.wasm": "sha256-sf2PR6VmVILU3CBbpLgkknFJa4gOwrrETZcCgXIfVCg=",
      "System.ComponentModel.m263etp3iy.wasm": "sha256-ggzFVaA00+qhuBmBTvJo+vpqBHmQ4tDiFkFzZWlEIsA=",
      "System.Console.76t4tn6snp.wasm": "sha256-r8UTcU7g5k8XdrCLFAw7ZJA1TvGDB33C/VbfXLawMlU=",
      "System.Core.5becv67885.wasm": "sha256-cZpqW77a/WZBnUmE/DH3NB6DnEZWPH+/+gwdbAIJX18=",
      "System.Diagnostics.DiagnosticSource.w54fcb6bbg.wasm": "sha256-LIX6NY6vGSLl16Icqfc1/lFH0v1GdXM/vQpGMyehP4A=",
      "System.Diagnostics.TraceSource.1vw0ssniho.wasm": "sha256-o92bt6HeBJb69yUM5I5uTuHsJeCADL13mpqjiu8o3jE=",
      "System.IO.MemoryMappedFiles.4knbnh1c48.wasm": "sha256-/Eh3aKmCsQrXztwv4vTzsgbmGoKNYGwtyfbRoB5L9dY=",
      "System.IO.Pipelines.gc495wesr0.wasm": "sha256-QAPYHXEZRaERt3tDBiHUdBLQ+BA0W5xNiBEiQfKmlrU=",
      "System.Linq.Dynamic.Core.v56k5wbbs8.wasm": "sha256-zY4O55eQ9gC1F0jl4MFsfpX6oCP3eabUwmK1PIrgx3Q=",
      "System.Linq.Expressions.qbi9oyo54q.wasm": "sha256-+pobB7MxFWf6SCDdWFqtIqEYxzVDfPc3sgFWt+6b6Oc=",
      "System.Linq.Queryable.8b0my0wlrk.wasm": "sha256-FE2vNnEbBehhVQ/IrXO03kZE/j7cl2/ofOAnPKTSAnA=",
      "System.Linq.if3m9uz2qs.wasm": "sha256-IrTUTS6vFdLMFjMeh/gtBYQE9t0EdMGIDepRdp+wQZs=",
      "System.Memory.yqhy9cm4ez.wasm": "sha256-prhyW/xTLRXoZdOUvKQTEwwj4leOsUcVAeTaSL5mXVA=",
      "System.Net.Http.Json.cdi965o2io.wasm": "sha256-QL8tl5/I24NA8MjvD7bag//ETDwY6Njc4ZVQJwzltHY=",
      "System.Net.Http.s9zl7j5ldf.wasm": "sha256-0Mhc+EGTXwQQzgcErn4TGaIHbl9dYxCL7Wk4Wx1iFAY=",
      "System.Net.Primitives.el7k0yi1gl.wasm": "sha256-jnSWuf5Fy5z+FXyicdP7crEW2t7uf5s4+qcEP273HHs=",
      "System.ObjectModel.jwpgi79wl4.wasm": "sha256-I0UYA/seZY9fakEKlfUekKDI+Ddry+XcoMzlVs8SqN0=",
      "System.Private.Uri.m8w45fp1hk.wasm": "sha256-Ng0LynKBhspsFYypYYxi+BLoctgomiVkX/rxGwTkC5A=",
      "System.Private.Xml.Linq.ovkd8l387e.wasm": "sha256-DKmbCMir1OiHa2MMJoAVtHvFopCVpHQFFWPUiuCDfpY=",
      "System.Private.Xml.0p2ygyf1a1.wasm": "sha256-JEqKIsP4hxJzH4qBhKAJVSRuKSV5UdTW2aj3vJKm8+Q=",
      "System.Reflection.Emit.ILGeneration.672ta06jod.wasm": "sha256-nuWlc/sXNn7IpEiBPYY0QNUJcOoLrsqY6EQgi+6DU4c=",
      "System.Reflection.Emit.c9tn5jfoyg.wasm": "sha256-4DTVxdGdFWgIhuOjGzaHoSBHaijuDJQs21sK7JTvB3Q=",
      "System.Reflection.Metadata.lubxliql75.wasm": "sha256-PVcPIYmHjol+iFrpg1CBcp0BcmIkDGikAKJoqgtRR0w=",
      "System.Reflection.Primitives.38o8i1plka.wasm": "sha256-XQ2SHVDXhnmgf7Nr1a3vCNuOjTSR3Z5x0+brZySKzvE=",
      "System.Runtime.67p9ds5ojk.wasm": "sha256-LqsNrruFejvab5esYg4sdIoT8SujGaAdwamc0Ey2OoQ=",
      "System.Security.Claims.mhovmcsrql.wasm": "sha256-RmxRRhyjdZXwMdNXQzpV0dLjweLo2bNs+0kW0rlEkMg=",
      "System.Text.Encodings.Web.86025yzcvr.wasm": "sha256-oHU/Sh7pSsGocJiqskEB6dC0t/W6cfvu0emRqJk6X7U=",
      "System.Text.Json.hk2lvhchix.wasm": "sha256-QWOrm55TVodea/haL2ryO96fTGGQtZEvF9QkaDxSRCU=",
      "System.Text.RegularExpressions.64l3m5xhtw.wasm": "sha256-WhhEarjWuWH7SlG72x43QzijJkkNlUNcLgdYQKuDz7k=",
      "System.Threading.8g56742lyn.wasm": "sha256-6EdmTjE7sraterA14n5ocTFmrhR0d4U4kXxC6IxfegE=",
      "System.icunsnzrqy.wasm": "sha256-YkFFFBkhWPJ9NX+mNSyGmlb6hmjtja4JNTnNi66JSGU=",
      "System.Web.HttpUtility.3v5gnv41mf.wasm": "sha256-r1Rvjzy1eOgrGTxrnCatjyOh+1PInPjVicvotDjF1Y4=",
      "System.Xml.Linq.yiwjknpdq4.wasm": "sha256-akuvaefMEZkY+xfX8AkcFNb1F9Qu3cRoTWvxlR6Vnw4=",
      "System.Xml.XDocument.sh85j4oe8l.wasm": "sha256-wMIt+3ATp1HxeJ9QWfzYrgZ5x5CH8rf2EHZlwgZ7I8g="
    }
  },
  "cacheBootResources": true,
  "debugLevel": 0,
  "linkerEnabled": true,
  "appsettings": [
    "../appsettings.json"
  ],
  "globalizationMode": "sharded",
  "extensions": {
    "blazor": {}
  }
}