{
  "mainAssemblyName": "Client",
  "resources": {
    "hash": "sha256-4rXi4cjpMAcDUA3TFXbgj+Gro0PhWw+iMoYc/aE4g1A=",
    "fingerprinting": {
      "Client.tx81tpyh27.wasm": "Client.wasm",
      "ImageGc.Shared.zbxe8zr0fn.wasm": "ImageGc.Shared.wasm",
      "Microsoft.AspNetCore.Authorization.miumi3x3d4.wasm": "Microsoft.AspNetCore.Authorization.wasm",
      "Microsoft.AspNetCore.Components.Authorization.8opvz6k3s7.wasm": "Microsoft.AspNetCore.Components.Authorization.wasm",
      "Microsoft.AspNetCore.Components.Forms.kgikxqovw4.wasm": "Microsoft.AspNetCore.Components.Forms.wasm",
      "Microsoft.AspNetCore.Components.3fonoo4c74.wasm": "Microsoft.AspNetCore.Components.wasm",
      "Microsoft.AspNetCore.Components.Web.1twk2hpocs.wasm": "Microsoft.AspNetCore.Components.Web.wasm",
      "Microsoft.AspNetCore.Components.WebAssembly.Authentication.efpsmys8j6.wasm": "Microsoft.AspNetCore.Components.WebAssembly.Authentication.wasm",
      "Microsoft.AspNetCore.Components.WebAssembly.1kq1g2juq9.wasm": "Microsoft.AspNetCore.Components.WebAssembly.wasm",
      "Microsoft.AspNetCore.Connections.Abstractions.gjswj4cle9.wasm": "Microsoft.AspNetCore.Connections.Abstractions.wasm",
      "Microsoft.AspNetCore.Http.Connections.Client.ysxma9cacr.wasm": "Microsoft.AspNetCore.Http.Connections.Client.wasm",
      "Microsoft.AspNetCore.Http.Connections.Common.coupwlslqs.wasm": "Microsoft.AspNetCore.Http.Connections.Common.wasm",
      "Microsoft.AspNetCore.Metadata.e1jn08kh8a.wasm": "Microsoft.AspNetCore.Metadata.wasm",
      "Microsoft.AspNetCore.SignalR.Client.Core.c05kgxzlnf.wasm": "Microsoft.AspNetCore.SignalR.Client.Core.wasm",
      "Microsoft.AspNetCore.SignalR.Client.kia1h9o0zr.wasm": "Microsoft.AspNetCore.SignalR.Client.wasm",
      "Microsoft.AspNetCore.SignalR.Common.kbupuuiem2.wasm": "Microsoft.AspNetCore.SignalR.Common.wasm",
      "Microsoft.AspNetCore.SignalR.Protocols.Json.j7yae9o1uw.wasm": "Microsoft.AspNetCore.SignalR.Protocols.Json.wasm",
      "Microsoft.Authentication.WebAssembly.Msal.28fqr5mlhz.wasm": "Microsoft.Authentication.WebAssembly.Msal.wasm",
      "Microsoft.CSharp.yk25o6nn09.wasm": "Microsoft.CSharp.wasm",
      "Microsoft.Extensions.Configuration.Abstractions.dmlidnyw2e.wasm": "Microsoft.Extensions.Configuration.Abstractions.wasm",
      "Microsoft.Extensions.Configuration.Binder.shtvzvuui2.wasm": "Microsoft.Extensions.Configuration.Binder.wasm",
      "Microsoft.Extensions.Configuration.Json.n3x20s9cxz.wasm": "Microsoft.Extensions.Configuration.Json.wasm",
      "Microsoft.Extensions.Configuration.dwrnjjov01.wasm": "Microsoft.Extensions.Configuration.wasm",
      "Microsoft.Extensions.DependencyInjection.Abstractions.wy76pnl9fw.wasm": "Microsoft.Extensions.DependencyInjection.Abstractions.wasm",
      "Microsoft.Extensions.DependencyInjection.tkiy5gl44a.wasm": "Microsoft.Extensions.DependencyInjection.wasm",
      "Microsoft.Extensions.Diagnostics.Abstractions.wgdksdmr5l.wasm": "Microsoft.Extensions.Diagnostics.Abstractions.wasm",
      "Microsoft.Extensions.Diagnostics.pjsnokvv8y.wasm": "Microsoft.Extensions.Diagnostics.wasm",
      "Microsoft.Extensions.Features.zrwfitwb2l.wasm": "Microsoft.Extensions.Features.wasm",
      "Microsoft.Extensions.Http.t5jvs4139n.wasm": "Microsoft.Extensions.Http.wasm",
      "Microsoft.Extensions.Logging.Abstractions.69cpc60lkw.wasm": "Microsoft.Extensions.Logging.Abstractions.wasm",
      "Microsoft.Extensions.Logging.9ak4iilkl2.wasm": "Microsoft.Extensions.Logging.wasm",
      "Microsoft.Extensions.Options.tetr5abruo.wasm": "Microsoft.Extensions.Options.wasm",
      "Microsoft.Extensions.Primitives.xuv72fcd9m.wasm": "Microsoft.Extensions.Primitives.wasm",
      "Microsoft.IdentityModel.Logging.5ek5vxwgfi.wasm": "Microsoft.IdentityModel.Logging.wasm",
      "Microsoft.JSInterop.5ic5dzbwak.wasm": "Microsoft.JSInterop.wasm",
      "Microsoft.JSInterop.WebAssembly.s0bw0921jm.wasm": "Microsoft.JSInterop.WebAssembly.wasm",
      "Radzen.Blazor.wu2t58cds4.wasm": "Radzen.Blazor.wasm",
      "System.Collections.Concurrent.6xsb0i9udq.wasm": "System.Collections.Concurrent.wasm",
      "System.Collections.Immutable.k0bv739c75.wasm": "System.Collections.Immutable.wasm",
      "System.Collections.NonGeneric.tpfz69a9qz.wasm": "System.Collections.NonGeneric.wasm",
      "System.Collections.Specialized.p8e8eftu4p.wasm": "System.Collections.Specialized.wasm",
      "System.Collections.oz88ogesy5.wasm": "System.Collections.wasm",
      "System.ComponentModel.Annotations.7amhvjjoxb.wasm": "System.ComponentModel.Annotations.wasm",
      "System.ComponentModel.Primitives.gorksyfn5u.wasm": "System.ComponentModel.Primitives.wasm",
      "System.ComponentModel.TypeConverter.uluugi6y8w.wasm": "System.ComponentModel.TypeConverter.wasm",
      "System.ComponentModel.hd4i21d5zf.wasm": "System.ComponentModel.wasm",
      "System.Console.4t4zwhdgsq.wasm": "System.Console.wasm",
      "System.Core.cmk9o7tz1r.wasm": "System.Core.wasm",
      "System.Diagnostics.DiagnosticSource.xui4nimvzv.wasm": "System.Diagnostics.DiagnosticSource.wasm",
      "System.Diagnostics.TraceSource.jhw8evvhm3.wasm": "System.Diagnostics.TraceSource.wasm",
      "System.IO.MemoryMappedFiles.lybma0n3ts.wasm": "System.IO.MemoryMappedFiles.wasm",
      "System.IO.Pipelines.0pdtuizvtd.wasm": "System.IO.Pipelines.wasm",
      "System.Linq.Dynamic.Core.v56k5wbbs8.wasm": "System.Linq.Dynamic.Core.wasm",
      "System.Linq.Expressions.f9z7qymj77.wasm": "System.Linq.Expressions.wasm",
      "System.Linq.Queryable.ij5o1x78a1.wasm": "System.Linq.Queryable.wasm",
      "System.Linq.oyhkj3pjll.wasm": "System.Linq.wasm",
      "System.Memory.yyfer1ug2n.wasm": "System.Memory.wasm",
      "System.Net.Http.Json.v7my8zgm9f.wasm": "System.Net.Http.Json.wasm",
      "System.Net.Http.6inhpuso6l.wasm": "System.Net.Http.wasm",
      "System.Net.Primitives.si5cb0w05c.wasm": "System.Net.Primitives.wasm",
      "System.Net.Requests.3u3vthn7lc.wasm": "System.Net.Requests.wasm",
      "System.Net.Security.qfu0bzygbl.wasm": "System.Net.Security.wasm",
      "System.Net.ServerSentEvents.dqlem8v1fg.wasm": "System.Net.ServerSentEvents.wasm",
      "System.Net.WebSockets.Client.ccb4mlufjs.wasm": "System.Net.WebSockets.Client.wasm",
      "System.Net.WebSockets.goudaff32x.wasm": "System.Net.WebSockets.wasm",
      "System.ObjectModel.skvd5wzaz5.wasm": "System.ObjectModel.wasm",
      "System.Private.CoreLib.zlcbpxynz1.wasm": "System.Private.CoreLib.wasm",
      "System.Private.Uri.6pn2xcjulx.wasm": "System.Private.Uri.wasm",
      "System.Private.Xml.Linq.plyg2l5dhp.wasm": "System.Private.Xml.Linq.wasm",
      "System.Private.Xml.4mb68xmot9.wasm": "System.Private.Xml.wasm",
      "System.Reflection.Emit.ILGeneration.tvdwzjvruk.wasm": "System.Reflection.Emit.ILGeneration.wasm",
      "System.Reflection.Emit.j21rd17efc.wasm": "System.Reflection.Emit.wasm",
      "System.Reflection.Metadata.pc0rgedbs9.wasm": "System.Reflection.Metadata.wasm",
      "System.Reflection.Primitives.bfvqrjaup1.wasm": "System.Reflection.Primitives.wasm",
      "System.Runtime.InteropServices.JavaScript.c1539toi4a.wasm": "System.Runtime.InteropServices.JavaScript.wasm",
      "System.Runtime.jzryblchql.wasm": "System.Runtime.wasm",
      "System.Security.Claims.ymzinffqs3.wasm": "System.Security.Claims.wasm",
      "System.Security.Cryptography.tc72xidb4b.wasm": "System.Security.Cryptography.wasm",
      "System.Text.Encodings.Web.nytcfcs526.wasm": "System.Text.Encodings.Web.wasm",
      "System.Text.Json.8ucm1t3stv.wasm": "System.Text.Json.wasm",
      "System.Text.RegularExpressions.e0jcnf7le2.wasm": "System.Text.RegularExpressions.wasm",
      "System.Threading.Channels.qvvii24m1x.wasm": "System.Threading.Channels.wasm",
      "System.Threading.hz8krii9ny.wasm": "System.Threading.wasm",
      "System.ezrw3d5kw2.wasm": "System.wasm",
      "System.Web.HttpUtility.hovl2wi6r7.wasm": "System.Web.HttpUtility.wasm",
      "System.Xml.Linq.9s8atxe8u2.wasm": "System.Xml.Linq.wasm",
      "System.Xml.XDocument.rwln4b79v2.wasm": "System.Xml.XDocument.wasm",
      "dotnet.js": "dotnet.js",
      "dotnet.native.uhsveqo9bs.js": "dotnet.native.js",
      "dotnet.native.swgexbmoy7.wasm": "dotnet.native.wasm",
      "dotnet.runtime.5nhp1wfg9b.js": "dotnet.runtime.js",
      "icudt_CJK.tjcz0u77k5.dat": "icudt_CJK.dat",
      "icudt_EFIGS.tptq2av103.dat": "icudt_EFIGS.dat",
      "icudt_no_CJK.lfu7j35m59.dat": "icudt_no_CJK.dat"
    },
    "jsModuleNative": {
      "dotnet.native.uhsveqo9bs.js": "sha256-/ifJokfQvXKw1hEziCkYR9SOJIKSdGG/UKw5gbLWrj0="
    },
    "jsModuleRuntime": {
      "dotnet.runtime.5nhp1wfg9b.js": "sha256-kTZbe5ESp04VMT22TnjRmFj88VbtEcohZfCm4og/IDw="
    },
    "wasmNative": {
      "dotnet.native.swgexbmoy7.wasm": "sha256-HHqsNtcX76Ik012KVAobmCLooIZ2znhTFCqfijzEdi0="
    },
    "icu": {
      "icudt_CJK.tjcz0u77k5.dat": "sha256-SZLtQnRc0JkwqHab0VUVP7T3uBPSeYzxzDnpxPpUnHk=",
      "icudt_EFIGS.tptq2av103.dat": "sha256-8fItetYY8kQ0ww6oxwTLiT3oXlBwHKumbeP2pRF4yTc=",
      "icudt_no_CJK.lfu7j35m59.dat": "sha256-L7sV7NEYP37/Qr2FPCePo5cJqRgTXRwGHuwF5Q+0Nfs="
    },
    "coreAssembly": {
      "System.Private.CoreLib.zlcbpxynz1.wasm": "sha256-l9EmDBDgYaB5ujAe4BpRL0nKhVKvb3DsfmEWme9glO4=",
      "System.Runtime.InteropServices.JavaScript.c1539toi4a.wasm": "sha256-QHmzEIMWhXxQZ3hsp47LmMBARoVw+E+4/cRuXJMz6nw="
    },
    "assembly": {
      "Client.tx81tpyh27.wasm": "sha256-gYSiY0Hz4EE4UIOcElL46qayrG+G2VlKuNJW/WzIeZM=",
      "ImageGc.Shared.zbxe8zr0fn.wasm": "sha256-wTvyVv0bfK2xrQxhRwdxwQQYqfOk8g9/ofjbKKlr8NU=",
      "Microsoft.AspNetCore.Authorization.miumi3x3d4.wasm": "sha256-/lGmebPvAOERloWb4kB6LJdjVdLjF71fUwNgu0VAi2I=",
      "Microsoft.AspNetCore.Components.Authorization.8opvz6k3s7.wasm": "sha256-uG4XWSSP9kIg8r3RPNVemhR1aJCGsdo/aEXyUKLcPa4=",
      "Microsoft.AspNetCore.Components.Forms.kgikxqovw4.wasm": "sha256-dEOU93t+iN5BJuV4yIlcviNKfW2g6aOag0LRHlgSG3I=",
      "Microsoft.AspNetCore.Components.3fonoo4c74.wasm": "sha256-X5PF0RFbaJMuSMKPqlNNNruLEcPQQOoSdTN51QDN58k=",
      "Microsoft.AspNetCore.Components.Web.1twk2hpocs.wasm": "sha256-62b+HPOvp8OS/O1IMRad/fUAkc8cPxMXFstE8OLdLdE=",
      "Microsoft.AspNetCore.Components.WebAssembly.Authentication.efpsmys8j6.wasm": "sha256-RjL7HAGcFBGNHQjV37+8msDw6uH5NhjMH6vxhaMloUw=",
      "Microsoft.AspNetCore.Components.WebAssembly.1kq1g2juq9.wasm": "sha256-sUSo3TFYI7Z1gYIPimVmPpIP4Kh2R/IOOTFJcFx60VA=",
      "Microsoft.AspNetCore.Connections.Abstractions.gjswj4cle9.wasm": "sha256-hCQFXn9s1emxmYnwxcKLO//VfqFA3AG6yq+SuoRfrqc=",
      "Microsoft.AspNetCore.Http.Connections.Client.ysxma9cacr.wasm": "sha256-oqJ75jRamD5+1L83V53W3XLguOay3xCljC97nE3Bipw=",
      "Microsoft.AspNetCore.Http.Connections.Common.coupwlslqs.wasm": "sha256-dAQ/u5gh5Aq33HmhZZrQGg/+wNZhJUbVFR6eee4Srtk=",
      "Microsoft.AspNetCore.Metadata.e1jn08kh8a.wasm": "sha256-3p8K7zmlpyHqSaUXttMVm4Om6wGWieqMrQD2zog+ddU=",
      "Microsoft.AspNetCore.SignalR.Client.Core.c05kgxzlnf.wasm": "sha256-XPqEZ0ZRdCU0sytb1HBxfRS0xqMD/RmrmmtYapbj6I4=",
      "Microsoft.AspNetCore.SignalR.Client.kia1h9o0zr.wasm": "sha256-fOC8APnVJactC3CkJemol3Q4F+ftS5EOmBZjxMp24gE=",
      "Microsoft.AspNetCore.SignalR.Common.kbupuuiem2.wasm": "sha256-QOQoMveAXzrlF19lwgW74kzwVF1OPKyMjNayVKG2EQo=",
      "Microsoft.AspNetCore.SignalR.Protocols.Json.j7yae9o1uw.wasm": "sha256-rx2kovaSTrcnzq49W+qGFs3aImR1429phhXRBfwUaSc=",
      "Microsoft.Authentication.WebAssembly.Msal.28fqr5mlhz.wasm": "sha256-bmEwEbwXy+izI05s7uIqedMJuidN02zWKioSsYJPIyo=",
      "Microsoft.CSharp.yk25o6nn09.wasm": "sha256-rkOfULLQgIfI2Vgp5ZCGcXKDcd7KMk7/VfSwoI0EX8Y=",
      "Microsoft.Extensions.Configuration.Abstractions.dmlidnyw2e.wasm": "sha256-C7lehmIQ0frvbEioEpq+q82yktWaNBkX3aEThBxtSVM=",
      "Microsoft.Extensions.Configuration.Binder.shtvzvuui2.wasm": "sha256-EObauW2UlyZtJW1pdwW1yIgvw5X59uIDIJeklp9IKTM=",
      "Microsoft.Extensions.Configuration.Json.n3x20s9cxz.wasm": "sha256-7Wv00KMrZAHb5sX5acrBZ6dNoPfDuaNWlT69VNMGt1g=",
      "Microsoft.Extensions.Configuration.dwrnjjov01.wasm": "sha256-A7TWrVcPF5z6+77e1AABovXnUVZ2NNAeGd8fD++uO4s=",
      "Microsoft.Extensions.DependencyInjection.Abstractions.wy76pnl9fw.wasm": "sha256-KI0qupeEsIX5YO/zXzQR3jsuWKVbrojc6PE1C5UZaSc=",
      "Microsoft.Extensions.DependencyInjection.tkiy5gl44a.wasm": "sha256-jUfkp8Vqd/tdShyuGo2VC5pmHrSaYOV4V4pbGEQ2aVw=",
      "Microsoft.Extensions.Diagnostics.Abstractions.wgdksdmr5l.wasm": "sha256-0G7UPhjNT+Pqrtb2Le4vmjNQwiVrEcIDivgfPkiWf00=",
      "Microsoft.Extensions.Diagnostics.pjsnokvv8y.wasm": "sha256-RYjZbuJDGJ4agX2li0kqHqj6pHWdd00lpcBXbnwMxec=",
      "Microsoft.Extensions.Features.zrwfitwb2l.wasm": "sha256-r/khrUGndAdwqa2p4nH4AWhk+RRWfrUm7HokovZoCyc=",
      "Microsoft.Extensions.Http.t5jvs4139n.wasm": "sha256-wW4tvQhrQq8tRhocth5by38zp39yOuGwQMk1kzxgas0=",
      "Microsoft.Extensions.Logging.Abstractions.69cpc60lkw.wasm": "sha256-Sq40FYig7rtxDU11ylykaov7JQfGzMP4kP0ICgGqp5E=",
      "Microsoft.Extensions.Logging.9ak4iilkl2.wasm": "sha256-sWn2LUWq3JFTMuCQZ92hJ11f7pq1C02wpz0W+gSWFaw=",
      "Microsoft.Extensions.Options.tetr5abruo.wasm": "sha256-WzXNfody/wmshDuS7wTsL089W51JI6Hz5b9wY1rsu9M=",
      "Microsoft.Extensions.Primitives.xuv72fcd9m.wasm": "sha256-94QoZadgwzeiFIU+yLaR2X8Nu3IA4MJHyHNo3rfcep8=",
      "Microsoft.IdentityModel.Logging.5ek5vxwgfi.wasm": "sha256-fZn6QfCa2bpk2qkV6bTGLmuezDZXxm36XdLDyQE03DY=",
      "Microsoft.JSInterop.5ic5dzbwak.wasm": "sha256-c+jC+Br80orY0mfplnE4nn4XACyZ/VIAKw8P1GeggyE=",
      "Microsoft.JSInterop.WebAssembly.s0bw0921jm.wasm": "sha256-NNwR0xu2wKvvEIZnSUwKht+/0RJ9ziHW01M66VViIkI=",
      "Radzen.Blazor.wu2t58cds4.wasm": "sha256-uPgzpIPpW1tjYKkpEWfYIXUdiBLLHrh2XABp7it30jY=",
      "System.Collections.Concurrent.6xsb0i9udq.wasm": "sha256-1gAAC21J7DqhT2bDJfPdMvDZjVkHeOnNd568MwmptJ4=",
      "System.Collections.Immutable.k0bv739c75.wasm": "sha256-hCwnzbZfQBgVqVk1fRDZHtoYsq/sbJTic67LyQbyyuQ=",
      "System.Collections.NonGeneric.tpfz69a9qz.wasm": "sha256-r1vQWNXJ1hCSb9CU59N/vdRtyOAZuyGFkZ9s4v5f9JA=",
      "System.Collections.Specialized.p8e8eftu4p.wasm": "sha256-GbQkipW3vwIbnI76hr/UIuhHF1yNGfU4781GE3z7oYc=",
      "System.Collections.oz88ogesy5.wasm": "sha256-fOjw1C5BRl3gof9gx+rY6IHzWG0s2mKND4A3q2CNntM=",
      "System.ComponentModel.Annotations.7amhvjjoxb.wasm": "sha256-D2bSKyrntMwhmbjwWPyNB8wCYqHdJ7sGDXcKbSZ2KL0=",
      "System.ComponentModel.Primitives.gorksyfn5u.wasm": "sha256-IN3MgHpgj4kHq9X1cKKCbLOSy6OGOujMHa0ueKPONCg=",
      "System.ComponentModel.TypeConverter.uluugi6y8w.wasm": "sha256-cm52r2ZL3tZ5+Ykj97qhNiRe04UMw3Xly/2sPlfD1Bw=",
      "System.ComponentModel.hd4i21d5zf.wasm": "sha256-WyPLE0inD0/vY79fvGY+k+jDku6WEB8WJruWIMhiBXM=",
      "System.Console.4t4zwhdgsq.wasm": "sha256-6Cjik9Vp8eezRByyPbXEJwTflYS9TZTwthh+33eu7Rc=",
      "System.Core.cmk9o7tz1r.wasm": "sha256-pPQc218GViNB/7jkDC52hYJ9Xa39jwgTyltdSWnmZi0=",
      "System.Diagnostics.DiagnosticSource.xui4nimvzv.wasm": "sha256-eVfkMjCumSdyiOmF6ZnDJbJZTy9jBhRacsn4DvDv95M=",
      "System.Diagnostics.TraceSource.jhw8evvhm3.wasm": "sha256-dzCuUPFVXCQydpG5ZIDnBBJYMtVNF2hxYJ/YwQXhZxQ=",
      "System.IO.MemoryMappedFiles.lybma0n3ts.wasm": "sha256-DWDyZs31rd5Dadw+QGWLx2qLIY6e2auChIMr2bmq6Pk=",
      "System.IO.Pipelines.0pdtuizvtd.wasm": "sha256-bL/ARrg+Sa+hINa815hYVEhh7UvB+3zptjRDoEiWiX0=",
      "System.Linq.Dynamic.Core.v56k5wbbs8.wasm": "sha256-zY4O55eQ9gC1F0jl4MFsfpX6oCP3eabUwmK1PIrgx3Q=",
      "System.Linq.Expressions.f9z7qymj77.wasm": "sha256-vQ9Zu2gMzweCVxeF7sxJJklU2j30n4OQzZGhUeEC930=",
      "System.Linq.Queryable.ij5o1x78a1.wasm": "sha256-DmdDXP4m8ehsiGS5OqwHgU0YtICNcwLIkWFbZ1z31D4=",
      "System.Linq.oyhkj3pjll.wasm": "sha256-8MYVdVapLkUIW4u92RhZUZwcXULWUCPHzZx4FCChATU=",
      "System.Memory.yyfer1ug2n.wasm": "sha256-WsdOHkqMDGshA3XiyIytafY86EChNnHDw8IHZ/PGLMo=",
      "System.Net.Http.Json.v7my8zgm9f.wasm": "sha256-BWdmx2lu4SOdkgRU3CiBxEc5lYBgZ/6nPiYtH9WrsGQ=",
      "System.Net.Http.6inhpuso6l.wasm": "sha256-PkLiusaAhUsD0h1d9NrG635eawOvznhx7URg4zhc22w=",
      "System.Net.Primitives.si5cb0w05c.wasm": "sha256-DG5mBgg/kvyH8E13QMQXExFh/9+CVNKtUH6jXX+8BWA=",
      "System.Net.Requests.3u3vthn7lc.wasm": "sha256-K3ZlHhhAdJk7e08l0S71oX/QK6rQxPjlsOwBdSYflGM=",
      "System.Net.Security.qfu0bzygbl.wasm": "sha256-6u6N8Np4/ELs8ItAOEnQDRrFARdjEErZkFQ4Tkk11tI=",
      "System.Net.ServerSentEvents.dqlem8v1fg.wasm": "sha256-hYsDbrtW7vcxTnR98wKz8a5MRmavkkDSckkMSoTVv9c=",
      "System.Net.WebSockets.Client.ccb4mlufjs.wasm": "sha256-lAPdEEiiGybxJZaimT4ma2YVl+zUi43VSSJ+o5ynxjg=",
      "System.Net.WebSockets.goudaff32x.wasm": "sha256-kHI8btNYtd0qjDbF4k0ULsSX/P6XENodnkLhekVDOSI=",
      "System.ObjectModel.skvd5wzaz5.wasm": "sha256-5Mm8J6meaKXmg7048XMIK8mRS5oIfclC1xMgrB0gSU0=",
      "System.Private.Uri.6pn2xcjulx.wasm": "sha256-egXS/hlmWP9JcEWJaf2/CSTOM48R/eDwsdL3V0rzon8=",
      "System.Private.Xml.Linq.plyg2l5dhp.wasm": "sha256-LVnoUfhBPHtpJI/rnU5l4PaMlXoPnyUyxx2X8D+g8PY=",
      "System.Private.Xml.4mb68xmot9.wasm": "sha256-TAxzGyhx/uBkcVPg5NJErYXr4+5cJUbmW6hY6So7P84=",
      "System.Reflection.Emit.ILGeneration.tvdwzjvruk.wasm": "sha256-txKcYug3IkSyPNA1eGql6FNITE2fD2aeM1O2J31x/6w=",
      "System.Reflection.Emit.j21rd17efc.wasm": "sha256-K/9qMAQYzSMr9QfYd0Rkdird3zwm/myoLNkRH0udhEw=",
      "System.Reflection.Metadata.pc0rgedbs9.wasm": "sha256-dy2N2QiL5o+t/hKgjF+9JU3JKr87Sn5dxLGxnSZY2iE=",
      "System.Reflection.Primitives.bfvqrjaup1.wasm": "sha256-aZf/s0XDzDDIAzR9I79KoiNOGNIhHBlc3lc/c8p9SBI=",
      "System.Runtime.jzryblchql.wasm": "sha256-LyFnyff9KEtqWE4fK8wq0chaKCFkFD107jL0m7civjo=",
      "System.Security.Claims.ymzinffqs3.wasm": "sha256-6gdX9+AnINkzUcOCvaTXnlzNCXdPyLa32DB+ZnN3M+s=",
      "System.Security.Cryptography.tc72xidb4b.wasm": "sha256-Q5VQf7YnZAuNitOVBjUNH6Q4wcakxPJuaax/62Pkm3w=",
      "System.Text.Encodings.Web.nytcfcs526.wasm": "sha256-r0HAluy/OCMAbd0GTVJSp5fJWyaNOMZkdpPYt32zyiI=",
      "System.Text.Json.8ucm1t3stv.wasm": "sha256-gE/joFHgryd9wm0Ql7U7litoMFgpJHUgO/UZmMjoxvw=",
      "System.Text.RegularExpressions.e0jcnf7le2.wasm": "sha256-Pq6geKm/W0drCaPj2yz05l3ou83mMlgD940BrLs6jtw=",
      "System.Threading.Channels.qvvii24m1x.wasm": "sha256-5st6B/6C3qF9TNI1Ueo/blYTXumzavUX4PO/oi7UCxA=",
      "System.Threading.hz8krii9ny.wasm": "sha256-g7KvujVJtij6ZynncT2wNhYygZMor7IvOla3dS9pZwc=",
      "System.ezrw3d5kw2.wasm": "sha256-ViNRvhyxlTugIlqJHamw/HwbXlg/YWcrANmxuTM0tfg=",
      "System.Web.HttpUtility.hovl2wi6r7.wasm": "sha256-ofVijKV/d3JdH9Izg8GOYO2DX9u7jmi0SvHf7tGCw9s=",
      "System.Xml.Linq.9s8atxe8u2.wasm": "sha256-B3Sn5WuDQKyX1cBKZwM/t4NNOIT2E8PtPWVPp/EINqE=",
      "System.Xml.XDocument.rwln4b79v2.wasm": "sha256-VfFCgADjK8j9zC8VKvIKPX4/bVw3cC9TXWeascFCr6k="
    }
  },
  "cacheBootResources": true,
  "debugLevel": 0,
  "linkerEnabled": true,
  "appsettings": [
    "../appsettings.json"
  ],
  "globalizationMode": "sharded",
  "extensions": {
    "blazor": {}
  }
}